{"properties": [
  {
    "name": "storage.location",
    "type": "java.lang.String",
    "description": "A description for 'storage.location'"
  },
  {
    "name": "spring.http.multipart.max-request-size",
    "type": "java.lang.String",
    "description": "A description for 'spring.http.multipart.max-request-size'"
  },
  {
    "name": "spring.http.multipart.max-file-size",
    "type": "java.lang.String",
    "description": "A description for 'spring.http.multipart.max-file-size'"
  },
  {
    "name": "spring.http.multipart.enabled",
    "type": "java.lang.String",
    "description": "A description for 'spring.http.multipart.enabled'"
  }
]}